{
  "y" : -0.5211387276649475,
  "x" : -0.015993349254131317,
  "z" : -0.8533221483230591
}