{
  "z" : -0.8089665770530701,
  "x" : 0.12509973347187042,
  "y" : -0.5743893384933472
}