{
  "x" : 0.1525493562221527,
  "y" : -0.561355710029602,
  "z" : -0.813393235206604
}