{
  "y" : -0.739469051361084,
  "z" : -0.6726655960083008,
  "x" : 0.02657974511384964
}