{
  "x" : -0.04142364487051964,
  "y" : -0.6708654761314392,
  "z" : -0.7404212355613708
}