{
  "y" : -0.7490509152412415,
  "z" : -0.6620593667030334,
  "x" : 0.024498607963323593
}