{
  "y" : -0.6885554790496826,
  "z" : -0.7246683835983276,
  "x" : 0.027333715930581093
}