{
  "x" : 0.02890053018927574,
  "y" : -0.7018647193908691,
  "z" : -0.7117237448692322
}