{
  "x" : 0.047330647706985474,
  "y" : -0.6025859713554382,
  "z" : -0.7966492772102356
}