{
  "z" : -0.806887686252594,
  "x" : 0.14550936222076416,
  "y" : -0.572502613067627
}