{
  "z" : -0.6637450456619263,
  "y" : -0.7449744939804077,
  "x" : 0.06675074249505997
}