{
  "z" : -0.8240563273429871,
  "x" : 0.07574264705181122,
  "y" : -0.5614216923713684
}