{
  "x" : 0.05721787363290787,
  "y" : -0.568276047706604,
  "z" : -0.8208461999893188
}