{
  "x" : 0.015376954339444637,
  "y" : -0.7069560885429382,
  "z" : -0.7070903182029724
}