{
  "y" : -0.6803730130195618,
  "z" : -0.7317601442337036,
  "x" : 0.040244925767183304
}