{
  "y" : -0.7196189165115356,
  "z" : -0.6943457722663879,
  "x" : 0.005706809926778078
}