{
  "z" : -0.8102992177009583,
  "x" : 0.019817903637886047,
  "y" : -0.5856812000274658
}