{
  "y" : -0.6017482876777649,
  "z" : -0.7986783385276794,
  "x" : -0.0034730657935142517
}