{
  "y" : -0.7192266583442688,
  "x" : 0.010054998099803925,
  "z" : -0.6947027444839478
}