{
  "x" : -0.06319066882133484,
  "y" : -0.7648340463638306,
  "z" : -0.6411206722259521
}