{
  "z" : -0.7241829037666321,
  "x" : 0.013533570803701878,
  "y" : -0.6894751191139221
}