{
  "x" : -0.05256675183773041,
  "y" : -0.7322418689727783,
  "z" : -0.6790130138397217
}