{
  "z" : -0.6933851838111877,
  "y" : -0.4956880211830139,
  "x" : 0.5229822397232056
}