{
  "x" : 0.004524102434515953,
  "y" : -0.7229512929916382,
  "z" : -0.6908842325210571
}