{
  "x" : 0.04550451785326004,
  "y" : -0.7375996112823486,
  "z" : -0.6737033128738403
}