{
  "y" : -0.7725799083709717,
  "x" : -0.04364266246557236,
  "z" : -0.6334158182144165
}