{
  "y" : -0.6005151271820068,
  "x" : -0.046215951442718506,
  "z" : -0.7982766628265381
}