{
  "t_21" : 0.51201725,
  "t_22" : -0.8551334,
  "t_13" : 0,
  "t_10" : -0.036309704,
  "cx" : -0.85119045,
  "cy" : -0.85119045,
  "t_12" : -0.515907,
  "blur_score" : 355.8623,
  "t_11" : -0.8558749,
  "height" : 0,
  "t_02" : 0.050864078,
  "t_23" : 0,
  "fx" : -0.70238096,
  "gravity" : {
    "y" : -0.8558748960494995,
    "z" : -0.5159069895744324,
    "x" : -0.036309704184532166
  },
  "width" : 0,
  "t_03" : 0,
  "t_20" : 0.081151225,
  "t_01" : -0.07291613,
  "fy" : -0.70238096,
  "t_00" : 0.9960402
}