{
  "t_21" : -0.16619451,
  "t_22" : 0.06559622,
  "t_13" : 0,
  "t_10" : 0.08737931,
  "cx" : -0.85119045,
  "cy" : -0.85119045,
  "t_12" : -0.6346866,
  "blur_score" : 184.19855,
  "t_11" : -0.76781374,
  "height" : 0,
  "t_02" : -0.76998067,
  "t_23" : 0,
  "fx" : -0.70238096,
  "gravity" : {
    "z" : -0.6346865892410278,
    "x" : 0.08737929165363312,
    "y" : -0.7678137421607971
  },
  "width" : 0,
  "t_03" : 0,
  "t_20" : -0.9839089,
  "t_01" : 0.6187421,
  "fy" : -0.70238096,
  "t_00" : -0.15584713
}