{
  "height" : 0,
  "cy" : -0.85119045,
  "t_21" : -0.051420793,
  "t_22" : -0.00417307,
  "fx" : -0.70238096,
  "t_20" : 0.9986685,
  "cx" : -0.85119045,
  "t_12" : -0.5309739,
  "blur_score" : 146.09875,
  "t_10" : -0.04578635,
  "t_01" : -0.53045803,
  "t_00" : -0.023772135,
  "t_23" : 0,
  "t_02" : 0.847378,
  "t_11" : -0.8461504,
  "fy" : -0.70238096,
  "gravity" : {
    "y" : -0.8461503386497498,
    "z" : -0.5309739112854004,
    "x" : -0.04578636959195137
  },
  "t_03" : 0,
  "t_13" : 0,
  "width" : 0
}