{
  "t_21" : -0.31076264,
  "t_22" : 0.32590717,
  "t_13" : 0,
  "t_10" : 0.027494013,
  "cx" : -0.85119045,
  "cy" : -0.85119045,
  "t_12" : -0.6493513,
  "blur_score" : 419.8269,
  "t_11" : -0.7599916,
  "height" : 0,
  "t_02" : -0.68711543,
  "t_23" : 0,
  "fx" : -0.70238096,
  "gravity" : {
    "x" : 0.027494000270962715,
    "y" : -0.7599915266036987,
    "z" : -0.6493512988090515
  },
  "width" : 0,
  "t_03" : 0,
  "t_20" : -0.8928672,
  "t_01" : 0.570824,
  "fy" : -0.70238096,
  "t_00" : -0.44948083
}