{
  "t_21" : 0.03680232,
  "t_22" : -0.15774396,
  "t_13" : 0,
  "t_10" : -0.047157705,
  "cx" : -0.85119045,
  "cy" : -0.85119045,
  "t_12" : -0.49713612,
  "blur_score" : 391.4096,
  "t_11" : -0.8663902,
  "height" : 0,
  "t_02" : 0.8532132,
  "t_23" : 0,
  "fx" : -0.70238096,
  "gravity" : {
    "z" : -0.49713611602783203,
    "x" : -0.047157712280750275,
    "y" : -0.8663902282714844
  },
  "width" : 0,
  "t_03" : 0,
  "t_20" : 0.9867942,
  "t_01" : -0.49800998,
  "fy" : -0.70238096,
  "t_00" : 0.15496348
}