{
  "height" : 0,
  "cy" : -0.85119045,
  "t_21" : -0.3697576,
  "t_22" : 0.48387998,
  "fx" : -0.70238096,
  "t_20" : 0.7931832,
  "cx" : -0.85119045,
  "t_12" : -0.49398476,
  "blur_score" : 165.96931,
  "t_10" : -0.101210475,
  "t_01" : -0.34284675,
  "t_00" : -0.60051394,
  "t_23" : 0,
  "t_02" : 0.72238445,
  "t_11" : -0.8635598,
  "fy" : -0.70238096,
  "gravity" : {
    "y" : -0.8635597825050354,
    "x" : -0.10121048241853714,
    "z" : -0.49398478865623474
  },
  "t_03" : 0,
  "t_13" : 0,
  "width" : 0
}