{
  "t_21" : 0.5579973,
  "t_22" : -0.8144484,
  "t_13" : 0,
  "t_10" : -0.025120929,
  "cx" : -0.85119045,
  "cy" : -0.85119045,
  "t_12" : -0.5616739,
  "blur_score" : 151.45647,
  "t_11" : -0.8269773,
  "height" : 0,
  "t_02" : -0.14558984,
  "t_23" : 0,
  "fx" : -0.70238096,
  "gravity" : {
    "y" : -0.8269773721694946,
    "x" : -0.025120925158262253,
    "z" : -0.5616738200187683
  },
  "width" : 0,
  "t_03" : 0,
  "t_20" : -0.15910041,
  "fy" : -0.70238096,
  "t_01" : 0.06890286,
  "t_00" : 0.98694277
}