{
  "t_22" : 0.44272232,
  "gravity" : {
    "y" : -0.7443608045578003,
    "x" : 0.04629389941692352,
    "z" : -0.666171133518219
  },
  "fx" : -0.70238096,
  "t_02" : -0.6001776,
  "t_00" : -0.6257541,
  "t_20" : -0.7786457,
  "t_03" : 0,
  "cy" : -0.85119045,
  "t_01" : 0.49821597,
  "fy" : -0.70238096,
  "blur_score" : 270.2888,
  "width" : 0,
  "t_11" : -0.7443608,
  "height" : 0,
  "t_13" : 0,
  "t_21" : -0.44464394,
  "t_10" : 0.046293914,
  "t_23" : 0,
  "cx" : -0.85119045,
  "t_12" : -0.66617113
}