{
  "cy" : -0.85119045,
  "width" : 0,
  "t_22" : -0.66541713,
  "t_12" : -0.5825711,
  "t_03" : 0,
  "fy" : -0.70238096,
  "cx" : -0.85119045,
  "t_20" : 0.57408583,
  "t_02" : 0.46672392,
  "t_10" : 0.00024861097,
  "t_13" : 0,
  "t_21" : 0.4771224,
  "t_23" : 0,
  "blur_score" : 449.71323,
  "t_01" : -0.33428043,
  "t_00" : 0.81879514,
  "height" : 0,
  "t_11" : -0.81277984,
  "gravity" : {
    "y" : -0.8127798438072205,
    "x" : 0.00024862188729457557,
    "z" : -0.5825710892677307
  },
  "fx" : -0.70238096
}