{
  "t_01" : 0.5973711,
  "width" : 0,
  "t_10" : 0.19184506,
  "fy" : -0.70238096,
  "t_12" : -0.5714604,
  "blur_score" : 115.50533,
  "t_02" : -0.7922163,
  "cy" : -0.85119045,
  "t_00" : 0.12466408,
  "t_22" : -0.21407098,
  "cx" : -0.85119045,
  "height" : 0,
  "gravity" : {
    "x" : 0.19184507429599762,
    "z" : -0.5714603662490845,
    "y" : -0.7978900671005249
  },
  "t_03" : 0,
  "t_21" : -0.08074221,
  "t_13" : 0,
  "fx" : -0.70238096,
  "t_20" : -0.97347546,
  "t_11" : -0.79789,
  "t_23" : 0
}