{
  "height" : 0,
  "cy" : -0.85119045,
  "t_21" : 0.15861797,
  "t_22" : -0.295567,
  "fx" : -0.70238096,
  "t_20" : 0.942062,
  "cx" : -0.85119045,
  "t_12" : -0.5624207,
  "blur_score" : 149.15637,
  "t_10" : -0.037379205,
  "t_01" : -0.5408833,
  "t_00" : 0.33335006,
  "t_23" : 0,
  "t_02" : 0.77221966,
  "t_11" : -0.82600594,
  "fy" : -0.70238096,
  "gravity" : {
    "y" : -0.8260059952735901,
    "x" : -0.0373791866004467,
    "z" : -0.5624207258224487
  },
  "t_03" : 0,
  "t_13" : 0,
  "width" : 0
}