{
  "t_21" : -0.66327095,
  "t_22" : 0.6987829,
  "t_20" : 0.26790813,
  "t_11" : -0.74371195,
  "t_23" : 0,
  "cy" : -0.85119045,
  "width" : 0,
  "t_13" : 0,
  "fy" : -0.70238096,
  "gravity" : {
    "y" : -0.7437120079994202,
    "z" : -0.6553717851638794,
    "x" : -0.13183487951755524
  },
  "t_02" : 0.28668863,
  "t_03" : 0,
  "t_12" : -0.6553718,
  "cx" : -0.85119045,
  "blur_score" : 237.76212,
  "t_01" : -0.0834555,
  "height" : 0,
  "t_10" : -0.13183488,
  "t_00" : -0.9543823,
  "fx" : -0.70238096
}