{
  "t_01" : -0.18385501,
  "t_00" : 0.8001898,
  "width" : 0,
  "t_23" : 0,
  "gravity" : {
    "z" : -0.30179110169410706,
    "x" : -0.003745906287804246,
    "y" : -0.9533668160438538
  },
  "t_10" : -0.0037459135,
  "height" : 0,
  "t_12" : -0.30179113,
  "fx" : -0.70238096,
  "fy" : -0.70238096,
  "t_13" : 0,
  "t_20" : 0.5997352,
  "t_21" : 0.23935176,
  "t_02" : 0.57087094,
  "cx" : -0.85119045,
  "t_03" : 0,
  "cy" : -0.85119045,
  "blur_score" : 116.78099,
  "t_22" : -0.76356304,
  "t_11" : -0.95336676
}