{
  "t_22" : -0.07270965,
  "t_10" : 0.118077666,
  "t_01" : 0.6192802,
  "cx" : -0.85119045,
  "width" : 0,
  "t_02" : -0.7851701,
  "t_03" : 0,
  "t_20" : -0.9930043,
  "gravity" : {
    "z" : -0.6149970889091492,
    "x" : 0.11807763576507568,
    "y" : -0.7796385884284973
  },
  "t_00" : -0.00053042173,
  "height" : 0,
  "t_11" : -0.77963865,
  "t_12" : -0.614997,
  "fx" : -0.70238096,
  "t_21" : -0.09303728,
  "fy" : -0.70238096,
  "t_23" : 0,
  "blur_score" : 198.98698,
  "cy" : -0.85119045,
  "t_13" : 0
}