{
  "t_21" : 0.30906165,
  "t_22" : -0.46222585,
  "t_20" : 0.8311609,
  "t_11" : -0.81017035,
  "t_23" : 0,
  "cy" : -0.85119045,
  "width" : 0,
  "t_13" : 0,
  "fy" : -0.70238096,
  "gravity" : {
    "y" : -0.8101704120635986,
    "z" : -0.5856842994689941,
    "x" : -0.024454651400446892
  },
  "t_02" : 0.6658238,
  "t_03" : 0,
  "t_12" : -0.5856843,
  "cx" : -0.85119045,
  "blur_score" : 207.4704,
  "t_01" : -0.49810147,
  "height" : 0,
  "t_10" : -0.024454653,
  "t_00" : 0.5554941,
  "fx" : -0.70238096
}