{
  "t_03" : 0,
  "cx" : -0.85119045,
  "t_11" : -0.82276255,
  "t_22" : -0.78571886,
  "fy" : -0.70238096,
  "t_23" : 0,
  "t_21" : 0.5406962,
  "gravity" : {
    "y" : -0.8227625489234924,
    "x" : -0.005671668332070112,
    "z" : -0.5683571100234985
  },
  "t_10" : -0.005671665,
  "cy" : -0.85119045,
  "height" : 0,
  "t_02" : 0.24416439,
  "fx" : -0.70238096,
  "t_00" : 0.95376843,
  "t_12" : -0.5683571,
  "t_20" : 0.30048898,
  "t_13" : 0,
  "t_01" : -0.17524141,
  "blur_score" : 576.11255,
  "width" : 0
}