{
  "t_20" : 0.41826987,
  "t_23" : 0,
  "t_11" : -0.7850466,
  "cy" : -0.85119045,
  "t_10" : -0.113763556,
  "t_01" : -0.17648552,
  "t_21" : -0.593763,
  "cx" : -0.85119045,
  "t_03" : 0,
  "t_22" : 0.6873832,
  "height" : 0,
  "fy" : -0.70238096,
  "t_00" : -0.9011703,
  "fx" : -0.70238096,
  "t_12" : -0.60890037,
  "width" : 0,
  "t_13" : 0,
  "gravity" : {
    "y" : -0.7850466370582581,
    "x" : -0.11376355588436127,
    "z" : -0.6089003682136536
  },
  "blur_score" : 177.47987,
  "t_02" : 0.39590997
}