{
  "t_22" : 0.66814274,
  "t_10" : -0.09725724,
  "t_01" : -0.2338675,
  "cx" : -0.85119045,
  "width" : 0,
  "t_02" : 0.4856466,
  "t_03" : 0,
  "t_20" : 0.530177,
  "gravity" : {
    "z" : -0.5636780261993408,
    "y" : -0.8202489614486694,
    "x" : -0.09725723415613174
  },
  "t_00" : -0.8422912,
  "height" : 0,
  "t_11" : -0.820249,
  "t_12" : -0.563678,
  "fx" : -0.70238096,
  "t_21" : -0.52201384,
  "fy" : -0.70238096,
  "t_23" : 0,
  "blur_score" : 114.16452,
  "cy" : -0.85119045,
  "t_13" : 0
}