{
  "t_22" : 0.71568936,
  "gravity" : {
    "z" : -0.6850200891494751,
    "x" : -0.06515353173017502,
    "y" : -0.7256049513816833
  },
  "fx" : -0.70238096,
  "t_02" : 0.13614814,
  "t_00" : -0.989895,
  "t_20" : 0.12594971,
  "t_03" : 0,
  "cy" : -0.85119045,
  "t_01" : -0.039648402,
  "fy" : -0.70238096,
  "blur_score" : 334.15057,
  "width" : 0,
  "t_11" : -0.72560495,
  "height" : 0,
  "t_13" : 0,
  "t_21" : -0.68696856,
  "t_10" : -0.06515354,
  "t_23" : 0,
  "cx" : -0.85119045,
  "t_12" : -0.6850201
}