{
  "height" : 0,
  "cy" : -0.85119045,
  "t_21" : 0.539415,
  "t_22" : -0.77604324,
  "fx" : -0.70238096,
  "t_20" : 0.3267851,
  "cx" : -0.85119045,
  "t_12" : -0.5692477,
  "blur_score" : 532.2512,
  "t_10" : 0.0052597374,
  "t_01" : -0.18193991,
  "t_00" : 0.94508404,
  "t_23" : 0,
  "t_02" : 0.27150327,
  "t_11" : -0.82214934,
  "fy" : -0.70238096,
  "gravity" : {
    "y" : -0.8221493363380432,
    "z" : -0.5692477226257324,
    "x" : 0.005259727127850056
  },
  "t_03" : 0,
  "t_13" : 0,
  "width" : 0
}