{
  "t_01" : 0.58929634,
  "width" : 0,
  "fy" : -0.70238096,
  "t_10" : 0.05565378,
  "t_12" : -0.6304217,
  "blur_score" : 185.86087,
  "t_02" : -0.75021696,
  "cy" : -0.85119045,
  "t_00" : -0.29984033,
  "t_22" : 0.19935638,
  "cx" : -0.85119045,
  "height" : 0,
  "gravity" : {
    "y" : -0.7743266224861145,
    "x" : 0.05523138493299484,
    "z" : -0.63037109375
  },
  "t_03" : 0,
  "t_21" : -0.23077828,
  "t_13" : 0,
  "fx" : -0.70238096,
  "t_20" : -0.95236456,
  "t_11" : -0.7742552,
  "t_23" : 0
}