{
  "t_22" : 0.74513525,
  "t_10" : 0.00066318363,
  "t_01" : 0.14913185,
  "cx" : -0.85119045,
  "width" : 0,
  "t_02" : -0.1788789,
  "t_03" : 0,
  "t_20" : -0.23288952,
  "gravity" : {
    "z" : -0.6424763798713684,
    "x" : 0.0006631886353716254,
    "y" : -0.7663052678108215
  },
  "t_00" : -0.9725032,
  "height" : 0,
  "t_11" : -0.76630527,
  "t_12" : -0.6424763,
  "fx" : -0.70238096,
  "t_21" : -0.62492895,
  "fy" : -0.70238096,
  "t_23" : 0,
  "blur_score" : 185.29013,
  "cy" : -0.85119045,
  "t_13" : 0
}