{
  "t_21" : -0.6061836,
  "t_22" : 0.723203,
  "t_13" : 0,
  "t_10" : 0.06454051,
  "cx" : -0.85119045,
  "cy" : -0.85119045,
  "t_12" : -0.62352896,
  "blur_score" : 148.0873,
  "t_11" : -0.7791317,
  "height" : 0,
  "t_02" : -0.29696658,
  "t_23" : 0,
  "fx" : -0.70238096,
  "gravity" : {
    "x" : 0.06454051285982132,
    "y" : -0.7791317105293274,
    "z" : -0.6235289573669434
  },
  "width" : 0,
  "t_03" : 0,
  "t_20" : -0.3309366,
  "t_01" : 0.15967266,
  "fy" : -0.70238096,
  "t_00" : -0.9414434
}