{
  "t_01" : 0.6615781,
  "width" : 0,
  "fy" : -0.70238096,
  "t_10" : 0.2847057,
  "t_12" : -0.6175823,
  "blur_score" : 119.65871,
  "t_02" : -0.55082995,
  "cy" : -0.85119045,
  "t_00" : 0.508823,
  "t_22" : -0.56140757,
  "cx" : -0.85119045,
  "height" : 0,
  "gravity" : {
    "y" : -0.7331675887107849,
    "x" : 0.2847056984901428,
    "z" : -0.6175823211669922
  },
  "t_03" : 0,
  "t_21" : 0.15741563,
  "t_13" : 0,
  "fx" : -0.70238096,
  "t_20" : -0.8124296,
  "t_11" : -0.73316765,
  "t_23" : 0
}