{
  "height" : 0,
  "cy" : -0.85119045,
  "t_21" : 0.5317441,
  "t_22" : -0.78901774,
  "fx" : -0.70238096,
  "t_20" : 0.30773252,
  "cx" : -0.85119045,
  "t_12" : -0.55944735,
  "blur_score" : 548.983,
  "t_10" : -0.0021796674,
  "t_01" : -0.17387994,
  "t_00" : 0.95147043,
  "t_23" : 0,
  "t_02" : 0.25390905,
  "t_11" : -0.8288631,
  "fy" : -0.70238096,
  "gravity" : {
    "x" : -0.0021796810906380415,
    "y" : -0.8288630843162537,
    "z" : -0.5594473481178284
  },
  "t_03" : 0,
  "t_13" : 0,
  "width" : 0
}