{
  "blur_score" : 112.11058,
  "t_03" : 0,
  "t_02" : -0.38951287,
  "t_23" : 0,
  "height" : 0,
  "gravity" : {
    "y" : -0.7725196480751038,
    "z" : -0.6297063827514648,
    "x" : 0.08175131678581238
  },
  "t_11" : -0.7725196,
  "t_12" : -0.6297064,
  "width" : 0,
  "t_20" : -0.4412911,
  "fx" : -0.70238096,
  "t_00" : -0.8936323,
  "t_22" : 0.6721232,
  "cy" : -0.85119045,
  "t_10" : 0.08175132,
  "t_01" : 0.22293687,
  "fy" : -0.70238096,
  "t_13" : 0,
  "cx" : -0.85119045,
  "t_21" : -0.5945691
}