{
  "blur_score" : 149.58516,
  "t_03" : 0,
  "t_02" : 0.61813897,
  "t_23" : 0,
  "height" : 0,
  "gravity" : {
    "y" : -0.8591201305389404,
    "z" : -0.5057641863822937,
    "x" : -0.07820051908493042
  },
  "t_11" : -0.85912013,
  "t_12" : -0.5057642,
  "width" : 0,
  "t_20" : 0.68160963,
  "t_00" : -0.7275256,
  "fx" : -0.70238096,
  "t_22" : 0.60175323,
  "cy" : -0.85119045,
  "t_10" : -0.07820052,
  "t_01" : -0.29767638,
  "fy" : -0.70238096,
  "t_13" : 0,
  "cx" : -0.85119045,
  "t_21" : -0.41629526
}