{
  "t_21" : -0.18426973,
  "t_22" : 0.1421955,
  "t_20" : 0.9725355,
  "t_11" : -0.8581221,
  "t_23" : 0,
  "cy" : -0.85119045,
  "width" : 0,
  "t_13" : 0,
  "fy" : -0.70238096,
  "gravity" : {
    "z" : -0.5057353377342224,
    "y" : -0.8581220507621765,
    "x" : -0.0886472538113594
  },
  "t_02" : 0.8508891,
  "t_03" : 0,
  "t_12" : -0.5057354,
  "cx" : -0.85119045,
  "blur_score" : 194.98486,
  "t_01" : -0.47924042,
  "height" : 0,
  "t_10" : -0.088647306,
  "t_00" : -0.21521279,
  "fx" : -0.70238096
}