{
  "fy" : -0.70238096,
  "t_01" : -0.14226578,
  "height" : 0,
  "t_13" : 0,
  "fx" : -0.70238096,
  "gravity" : {
    "y" : -0.9512551426887512,
    "z" : -0.30827802419662476,
    "x" : 0.008854608982801437
  },
  "t_20" : 0.48533684,
  "t_02" : 0.46410203,
  "t_10" : 0.008854613,
  "cx" : -0.85119045,
  "blur_score" : 282.52414,
  "width" : 0,
  "t_03" : 0,
  "cy" : -0.85119045,
  "t_21" : 0.27363145,
  "t_22" : -0.83040595,
  "t_12" : -0.308278,
  "t_23" : 0,
  "t_00" : 0.8742824,
  "t_11" : -0.9512552
}