{
  "t_22" : -0.57162076,
  "t_10" : 0.15302852,
  "t_01" : 0.5632335,
  "cx" : -0.85119045,
  "width" : 0,
  "t_02" : -0.52542245,
  "t_03" : 0,
  "t_20" : -0.75490594,
  "gravity" : {
    "y" : -0.7611841559410095,
    "x" : 0.15302853286266327,
    "z" : -0.6302230358123779
  },
  "t_00" : 0.6377299,
  "height" : 0,
  "t_11" : -0.76118416,
  "t_12" : -0.63022304,
  "fx" : -0.70238096,
  "t_21" : 0.32150742,
  "fy" : -0.70238096,
  "t_23" : 0,
  "blur_score" : 132.86813,
  "cy" : -0.85119045,
  "t_13" : 0
}