{
  "t_03" : 0,
  "cx" : -0.85119045,
  "t_11" : -0.8008851,
  "t_22" : -0.51744926,
  "fy" : -0.70238096,
  "t_23" : 0,
  "t_21" : 0.42040816,
  "gravity" : {
    "y" : -0.8008850812911987,
    "z" : -0.5976864695549011,
    "x" : 0.03679784759879112
  },
  "t_10" : 0.03679785,
  "cy" : -0.85119045,
  "height" : 0,
  "t_02" : 0.61238647,
  "fx" : -0.70238096,
  "t_12" : -0.59768647,
  "t_00" : 0.6656896,
  "t_20" : 0.745321,
  "t_01" : -0.4264273,
  "t_13" : 0,
  "blur_score" : 422.3216,
  "width" : 0
}