{
  "t_22" : -0.5922638,
  "t_10" : 0.026819289,
  "t_01" : -0.37912887,
  "cx" : -0.85119045,
  "width" : 0,
  "t_02" : 0.531712,
  "t_03" : 0,
  "t_20" : 0.6524853,
  "gravity" : {
    "x" : 0.026819294318556786,
    "z" : -0.6053974628448486,
    "y" : -0.7954714298248291
  },
  "t_00" : 0.7573267,
  "height" : 0,
  "t_11" : -0.79547143,
  "t_12" : -0.60539746,
  "fx" : -0.70238096,
  "t_21" : 0.47274378,
  "fy" : -0.70238096,
  "t_23" : 0,
  "blur_score" : 493.2793,
  "cy" : -0.85119045,
  "t_13" : 0
}