{
  "t_22" : 0.2880131,
  "gravity" : {
    "z" : -0.48278769850730896,
    "x" : -0.09262179583311081,
    "y" : -0.8708257079124451
  },
  "fx" : -0.70238096,
  "t_02" : 0.8270216,
  "t_00" : -0.37525746,
  "t_20" : 0.92228174,
  "t_03" : 0,
  "cy" : -0.85119045,
  "t_01" : -0.4185901,
  "fy" : -0.70238096,
  "blur_score" : 245.67992,
  "width" : 0,
  "t_11" : -0.87082577,
  "height" : 0,
  "t_13" : 0,
  "t_21" : -0.25777,
  "t_10" : -0.0926218,
  "t_23" : 0,
  "cx" : -0.85119045,
  "t_12" : -0.48278767
}