{
  "fy" : -0.70238096,
  "width" : 0,
  "t_01" : -0.17419493,
  "gravity" : {
    "y" : -0.8266619443893433,
    "z" : -0.5626881718635559,
    "x" : -0.0034927851520478725
  },
  "t_00" : 0.9524467,
  "t_12" : -0.5626882,
  "fx" : -0.70238096,
  "t_02" : 0.2500028,
  "t_21" : 0.5350573,
  "t_22" : -0.7879599,
  "cx" : -0.85119045,
  "blur_score" : 562.7573,
  "t_23" : 0,
  "t_10" : -0.00349278,
  "height" : 0,
  "t_03" : 0,
  "t_13" : 0,
  "t_11" : -0.8266619,
  "cy" : -0.85119045,
  "t_20" : 0.3046852
}