{
  "t_22" : -0.8970215,
  "t_10" : 0.0038280785,
  "t_01" : -0.091627,
  "cx" : -0.85119045,
  "width" : 0,
  "t_02" : 0.3606881,
  "t_03" : 0,
  "t_20" : 0.37212464,
  "gravity" : {
    "x" : 0.003828069195151329,
    "y" : -0.9668137431144714,
    "z" : -0.2554541826248169
  },
  "t_00" : 0.9281749,
  "height" : 0,
  "t_11" : -0.96681374,
  "t_12" : -0.2554542,
  "fx" : -0.70238096,
  "t_21" : 0.2384869,
  "fy" : -0.70238096,
  "t_23" : 0,
  "blur_score" : 178.58746,
  "cy" : -0.85119045,
  "t_13" : 0
}