{
  "t_10" : 0.10146016,
  "height" : 0,
  "width" : 0,
  "t_12" : -0.6060569,
  "t_01" : 0.60058534,
  "gravity" : {
    "y" : -0.7889239192008972,
    "x" : 0.10146015137434006,
    "z" : -0.6060569286346436
  },
  "t_03" : 0,
  "fx" : -0.70238096,
  "cx" : -0.85119045,
  "cy" : -0.85119045,
  "t_13" : 0,
  "t_22" : 0.003219664,
  "t_00" : -0.08131999,
  "t_23" : 0,
  "t_20" : -0.9915106,
  "blur_score" : 144.6408,
  "t_02" : -0.7954148,
  "t_11" : -0.7889239,
  "fy" : -0.70238096,
  "t_21" : -0.12998751
}