{
  "t_22" : 0.5779104,
  "gravity" : {
    "y" : -0.7803502082824707,
    "z" : -0.6202979683876038,
    "x" : 0.07927238941192627
  },
  "fx" : -0.70238096,
  "t_02" : -0.5303302,
  "t_00" : -0.775401,
  "t_20" : -0.6264741,
  "t_03" : 0,
  "cy" : -0.85119045,
  "t_01" : 0.34278834,
  "fy" : -0.70238096,
  "blur_score" : 211.43701,
  "width" : 0,
  "t_11" : -0.7803502,
  "height" : 0,
  "t_13" : 0,
  "t_21" : -0.5230203,
  "t_10" : 0.07927239,
  "t_23" : 0,
  "cx" : -0.85119045,
  "t_12" : -0.62029797
}