{
  "t_22" : -0.86844444,
  "t_10" : -0.07080774,
  "t_01" : -0.19903581,
  "cx" : -0.85119045,
  "width" : 0,
  "t_02" : 0.28003812,
  "t_03" : 0,
  "t_20" : 0.33618873,
  "gravity" : {
    "z" : -0.40912488102912903,
    "x" : -0.07080774754285812,
    "y" : -0.9097270965576172
  },
  "t_00" : 0.93912905,
  "height" : 0,
  "t_11" : -0.9097271,
  "t_12" : -0.40912488,
  "fx" : -0.70238096,
  "t_21" : 0.36439222,
  "fy" : -0.70238096,
  "t_23" : 0,
  "blur_score" : 193.57018,
  "cy" : -0.85119045,
  "t_13" : 0
}