{
  "t_21" : 0.53091216,
  "cx" : -0.85119045,
  "t_20" : 0.2896349,
  "t_00" : 0.95708305,
  "blur_score" : 548.983,
  "width" : 0,
  "t_10" : -0.01018326,
  "cy" : -0.85119045,
  "gravity" : {
    "z" : -0.5572202205657959,
    "y" : -0.830302357673645,
    "x" : -0.010183265432715416
  },
  "t_01" : -0.16950034,
  "t_22" : -0.79639435,
  "t_23" : 0,
  "height" : 0,
  "t_12" : -0.5572202,
  "t_11" : -0.83030236,
  "t_03" : 0,
  "fx" : -0.70238096,
  "t_02" : 0.2350781,
  "fy" : -0.70238096,
  "t_13" : 0
}