{
  "t_21" : 0.5147897,
  "t_22" : -0.72600013,
  "t_20" : 0.45597732,
  "t_11" : -0.8153532,
  "t_23" : 0,
  "cy" : -0.85119045,
  "width" : 0,
  "t_13" : 0,
  "fy" : -0.70238096,
  "gravity" : {
    "x" : -0.0012966684298589826,
    "z" : -0.5789622664451599,
    "y" : -0.815353274345398
  },
  "t_02" : 0.37111512,
  "t_03" : 0,
  "cx" : -0.85119045,
  "t_12" : -0.57896227,
  "blur_score" : 585.1079,
  "t_01" : -0.26493508,
  "height" : 0,
  "t_10" : -0.0012966692,
  "t_00" : 0.88999045,
  "fx" : -0.70238096
}