{
  "t_22" : -0.66268164,
  "t_10" : 0.1290042,
  "t_01" : 0.46534207,
  "cx" : -0.85119045,
  "width" : 0,
  "t_02" : -0.44769472,
  "t_03" : 0,
  "t_20" : -0.6327177,
  "gravity" : {
    "y" : -0.789262592792511,
    "x" : 0.12900418043136597,
    "z" : -0.6003519892692566
  },
  "t_00" : 0.76356155,
  "height" : 0,
  "t_11" : -0.7892626,
  "t_12" : -0.60035205,
  "fx" : -0.70238096,
  "t_21" : 0.40065125,
  "fy" : -0.70238096,
  "t_23" : 0,
  "blur_score" : 136.95526,
  "cy" : -0.85119045,
  "t_13" : 0
}