{
  "height" : 0,
  "cy" : -0.85119045,
  "t_21" : 0.5147984,
  "t_22" : -0.7490887,
  "fx" : -0.70238096,
  "t_20" : -0.41695184,
  "cx" : -0.85119045,
  "t_12" : -0.59001833,
  "blur_score" : 290.51105,
  "t_10" : 0.06654814,
  "t_01" : 0.2958597,
  "t_00" : 0.90648913,
  "t_23" : 0,
  "t_02" : -0.30123833,
  "t_11" : -0.8046426,
  "fy" : -0.70238096,
  "gravity" : {
    "x" : 0.06654813140630722,
    "z" : -0.5900183320045471,
    "y" : -0.8046426177024841
  },
  "t_03" : 0,
  "t_13" : 0,
  "width" : 0
}