{
  "t_22" : 0.76998,
  "t_10" : -0.0113305375,
  "t_01" : 0.06759198,
  "cx" : -0.85119045,
  "width" : 0,
  "t_02" : -0.06449289,
  "t_03" : 0,
  "t_20" : -0.09273417,
  "gravity" : {
    "y" : -0.7725931406021118,
    "x" : -0.011330538429319859,
    "z" : -0.6348003149032593
  },
  "t_00" : -0.9956266,
  "height" : 0,
  "t_11" : -0.7725932,
  "t_12" : -0.6348003,
  "fx" : -0.70238096,
  "t_21" : -0.6312935,
  "fy" : -0.70238096,
  "t_23" : 0,
  "blur_score" : 138.8965,
  "cy" : -0.85119045,
  "t_13" : 0
}