{
  "y" : -0.7443608045578003,
  "z" : -0.666171133518219,
  "x" : 0.04629389941692352
}