{
  "y" : -0.8635597825050354,
  "z" : -0.49398478865623474,
  "x" : -0.10121048241853714
}