{
  "x" : 0.005259727127850056,
  "y" : -0.8221493363380432,
  "z" : -0.5692477226257324
}