{
  "y" : -0.8266619443893433,
  "z" : -0.5626881718635559,
  "x" : -0.0034927851520478725
}