{
  "y" : -0.7331675887107849,
  "z" : -0.6175823211669922,
  "x" : 0.2847056984901428
}