{
  "x" : -0.0012966684298589826,
  "z" : -0.5789622664451599,
  "y" : -0.815353274345398
}