{
  "x" : 0.00024862188729457557,
  "y" : -0.8127798438072205,
  "z" : -0.5825710892677307
}