{
  "y" : -0.7850466370582581,
  "x" : -0.11376355588436127,
  "z" : -0.6089003682136536
}