{
  "y" : -0.7978900671005249,
  "z" : -0.5714603662490845,
  "x" : 0.19184507429599762
}