{
  "y" : -0.8008850812911987,
  "z" : -0.5976864695549011,
  "x" : 0.03679784759879112
}