{
  "x" : 0.026819294318556786,
  "z" : -0.6053974628448486,
  "y" : -0.7954714298248291
}