{
  "z" : -0.6346865892410278,
  "x" : 0.08737929165363312,
  "y" : -0.7678137421607971
}