{
  "y" : -0.7611841559410095,
  "x" : 0.15302853286266327,
  "z" : -0.6302230358123779
}