{
  "y" : -0.789262592792511,
  "z" : -0.6003519892692566,
  "x" : 0.12900418043136597
}