{
  "x" : 0.003828069195151329,
  "z" : -0.2554541826248169,
  "y" : -0.9668137431144714
}