{
  "y" : -0.8046426177024841,
  "x" : 0.06654813140630722,
  "z" : -0.5900183320045471
}