{
  "z" : -0.48278769850730896,
  "x" : -0.09262179583311081,
  "y" : -0.8708257079124451
}