{
  "y" : -0.7437120079994202,
  "z" : -0.6553717851638794,
  "x" : -0.13183487951755524
}