{
  "y" : -0.7791317105293274,
  "z" : -0.6235289573669434,
  "x" : 0.06454051285982132
}