{
  "z" : -0.6149970889091492,
  "x" : 0.11807763576507568,
  "y" : -0.7796385884284973
}