{
  "z" : -0.5572202205657959,
  "x" : -0.010183265432715416,
  "y" : -0.830302357673645
}