{
  "x" : -0.0021796810906380415,
  "y" : -0.8288630843162537,
  "z" : -0.5594473481178284
}