{
  "y" : -0.7803502082824707,
  "z" : -0.6202979683876038,
  "x" : 0.07927238941192627
}