{
  "y" : -0.7599915266036987,
  "z" : -0.6493512988090515,
  "x" : 0.027494000270962715
}