{
  "z" : -0.5636780261993408,
  "y" : -0.8202489614486694,
  "x" : -0.09725723415613174
}