{
  "y" : -0.8581220507621765,
  "x" : -0.0886472538113594,
  "z" : -0.5057353377342224
}