{
  "y" : -0.8269773721694946,
  "x" : -0.025120925158262253,
  "z" : -0.5616738200187683
}