{
  "y" : -0.8461503386497498,
  "z" : -0.5309739112854004,
  "x" : -0.04578636959195137
}