{
  "y" : -0.7889239192008972,
  "x" : 0.10146015137434006,
  "z" : -0.6060569286346436
}