{
  "y" : -0.8591201305389404,
  "z" : -0.5057641863822937,
  "x" : -0.07820051908493042
}