{
  "y" : -0.8101704120635986,
  "z" : -0.5856842994689941,
  "x" : -0.024454651400446892
}