{
  "z" : -0.5159069895744324,
  "x" : -0.036309704184532166,
  "y" : -0.8558748960494995
}