{
  "y" : -0.9533668160438538,
  "x" : -0.003745906287804246,
  "z" : -0.30179110169410706
}