{
  "y" : -0.7743266224861145,
  "z" : -0.63037109375,
  "x" : 0.05523138493299484
}