{
  "z" : -0.49713611602783203,
  "x" : -0.047157712280750275,
  "y" : -0.8663902282714844
}