{
  "z" : -0.40912488102912903,
  "x" : -0.07080774754285812,
  "y" : -0.9097270965576172
}