{
  "x" : 0.008854608982801437,
  "y" : -0.9512551426887512,
  "z" : -0.30827802419662476
}