{
  "y" : -0.7663052678108215,
  "z" : -0.6424763798713684,
  "x" : 0.0006631886353716254
}