{
  "z" : -0.5683571100234985,
  "x" : -0.005671668332070112,
  "y" : -0.8227625489234924
}