{
  "y" : -0.7725931406021118,
  "x" : -0.011330538429319859,
  "z" : -0.6348003149032593
}