{
  "z" : -0.6850200891494751,
  "x" : -0.06515353173017502,
  "y" : -0.7256049513816833
}