{
  "y" : -0.8260059952735901,
  "x" : -0.0373791866004467,
  "z" : -0.5624207258224487
}