{
  "x" : 0.08175131678581238,
  "y" : -0.7725196480751038,
  "z" : -0.6297063827514648
}