{
  "fy" : -0.70238096,
  "t_12" : -0.6943458,
  "t_03" : 0,
  "cy" : -0.85119045,
  "t_22" : -0.71207917,
  "cx" : -0.85119045,
  "t_13" : 0,
  "t_21" : 0.685881,
  "blur_score" : 211.3954,
  "t_11" : -0.7196189,
  "t_10" : 0.005706813,
  "fx" : -0.70238096,
  "t_23" : 0,
  "width" : 0,
  "t_20" : -0.15003504,
  "t_01" : 0.108239904,
  "t_00" : 0.9886642,
  "height" : 0,
  "t_02" : -0.104053855,
  "gravity" : {
    "z" : -0.6943457722663879,
    "y" : -0.7196189165115356,
    "x" : 0.005706809926778078
  }
}