{
  "t_10" : 0.010054998,
  "cy" : -0.85119045,
  "fy" : -0.70238096,
  "t_12" : -0.69470274,
  "gravity" : {
    "x" : 0.010054998099803925,
    "y" : -0.7192266583442688,
    "z" : -0.6947027444839478
  },
  "blur_score" : 211.3954,
  "t_13" : 0,
  "t_03" : 0,
  "fx" : -0.70238096,
  "t_20" : -0.14721353,
  "width" : 0,
  "t_01" : 0.10943337,
  "t_22" : -0.71245414,
  "height" : 0,
  "t_21" : 0.68610305,
  "t_23" : 0,
  "t_11" : -0.71922666,
  "t_00" : 0.9890536,
  "t_02" : -0.09898113,
  "cx" : -0.85119045
}