{
  "cx" : -0.85119045,
  "t_13" : 0,
  "t_03" : 0,
  "blur_score" : 61.14338,
  "t_11" : -0.5211387,
  "fx" : -0.70238096,
  "t_01" : 0.5956461,
  "t_23" : 0,
  "t_20" : -0.69079274,
  "gravity" : {
    "y" : -0.5211387276649475,
    "z" : -0.8533221483230591,
    "x" : -0.015993349254131317
  },
  "t_21" : -0.611245,
  "t_12" : -0.85332215,
  "cy" : -0.85119045,
  "t_02" : -0.35022295,
  "t_10" : -0.015993342,
  "t_22" : 0.38624504,
  "height" : 0,
  "width" : 0,
  "t_00" : -0.72287613,
  "fy" : -0.70238096
}