{
  "t_21" : -0.7782543,
  "t_23" : 0,
  "t_10" : 0.057217874,
  "t_03" : 0,
  "fy" : -0.70238096,
  "t_13" : 0,
  "width" : 0,
  "gravity" : {
    "x" : 0.05721787363290787,
    "z" : -0.8208461999893188,
    "y" : -0.568276047706604
  },
  "t_11" : -0.56827605,
  "t_01" : -0.2671756,
  "height" : 0,
  "fx" : -0.70238096,
  "cx" : -0.85119045,
  "t_20" : 0.28653896,
  "t_22" : 0.5587628,
  "blur_score" : 279.69962,
  "cy" : -0.85119045,
  "t_00" : -0.95635855,
  "t_12" : -0.8208462,
  "t_02" : 0.11830316
}