{
  "t_02" : 0.59337896,
  "t_03" : 0,
  "t_21" : 0.39981484,
  "t_22" : -0.41301382,
  "t_11" : -0.7229513,
  "t_10" : 0.0045241117,
  "fy" : -0.70238096,
  "blur_score" : 105.600334,
  "gravity" : {
    "z" : -0.6908842325210571,
    "x" : 0.004524102434515953,
    "y" : -0.7229512929916382
  },
  "t_23" : 0,
  "width" : 0,
  "fx" : -0.70238096,
  "t_12" : -0.69088423,
  "t_20" : 0.8182712,
  "t_01" : -0.5634622,
  "t_13" : 0,
  "t_00" : 0.5748146,
  "cy" : -0.85119045,
  "cx" : -0.85119045,
  "height" : 0
}