{
  "t_02" : -0.38250238,
  "t_03" : 0,
  "t_21" : -0.5660766,
  "t_22" : 0.46523786,
  "fy" : -0.70238096,
  "t_11" : -0.6005151,
  "t_10" : -0.046215937,
  "blur_score" : 98.01821,
  "gravity" : {
    "x" : -0.046215951442718506,
    "y" : -0.6005151271820068,
    "z" : -0.7982766628265381
  },
  "t_23" : 0,
  "width" : 0,
  "fx" : -0.70238096,
  "t_12" : -0.79827666,
  "t_20" : -0.6805226,
  "t_01" : 0.5647468,
  "t_13" : 0,
  "t_00" : -0.7312681,
  "cy" : -0.85119045,
  "cx" : -0.85119045,
  "height" : 0
}