{
  "t_21" : -0.81765944,
  "t_01" : -0.0606088,
  "width" : 0,
  "fx" : -0.70238096,
  "t_12" : -0.8068877,
  "t_20" : -0.028576415,
  "gravity" : {
    "z" : -0.806887686252594,
    "x" : 0.14550936222076416,
    "y" : -0.572502613067627
  },
  "blur_score" : 304.9879,
  "t_22" : 0.57499224,
  "t_13" : 0,
  "t_02" : -0.1353372,
  "t_00" : -0.98894393,
  "cx" : -0.85119045,
  "t_10" : 0.14550936,
  "t_23" : 0,
  "t_11" : -0.5725027,
  "height" : 0,
  "t_03" : 0,
  "fy" : -0.70238096,
  "cy" : -0.85119045
}