{
  "cx" : -0.85119045,
  "t_13" : 0,
  "t_03" : 0,
  "blur_score" : 184.20453,
  "t_11" : -0.5613557,
  "fx" : -0.70238096,
  "t_01" : -0.04258746,
  "t_23" : 0,
  "t_20" : -0.052760556,
  "gravity" : {
    "x" : 0.1525493562221527,
    "y" : -0.561355710029602,
    "z" : -0.813393235206604
  },
  "t_21" : -0.8264786,
  "t_02" : -0.15569615,
  "t_10" : 0.15254936,
  "t_12" : -0.81339324,
  "cy" : -0.85119045,
  "t_22" : 0.5604911,
  "height" : 0,
  "width" : 0,
  "t_00" : -0.986887,
  "fy" : -0.70238096
}