{
  "t_12" : -0.6726656,
  "t_01" : -0.6455857,
  "cy" : -0.85119045,
  "gravity" : {
    "y" : -0.739469051361084,
    "z" : -0.6726655960083008,
    "x" : 0.02657974511384964
  },
  "t_03" : 0,
  "t_13" : 0,
  "t_02" : 0.719784,
  "t_11" : -0.73946905,
  "fy" : -0.70238096,
  "t_00" : 0.255206,
  "t_21" : 0.19079997,
  "fx" : -0.70238096,
  "t_22" : -0.17155743,
  "t_23" : 0,
  "blur_score" : 119.8407,
  "width" : 0,
  "t_20" : 0.9665213,
  "t_10" : 0.026579738,
  "cx" : -0.85119045,
  "height" : 0
}