{
  "t_12" : -0.8089666,
  "t_01" : -0.13615704,
  "cy" : -0.85119045,
  "gravity" : {
    "x" : 0.12509973347187042,
    "z" : -0.8089665770530701,
    "y" : -0.5743893384933472
  },
  "t_03" : 0,
  "t_13" : 0,
  "t_02" : -0.056278497,
  "fy" : -0.70238096,
  "t_11" : -0.57438934,
  "t_00" : -0.98908734,
  "t_21" : -0.80717903,
  "fx" : -0.70238096,
  "t_22" : 0.58515453,
  "t_23" : 0,
  "blur_score" : 111.08833,
  "width" : 0,
  "t_20" : 0.07782072,
  "t_10" : 0.12509973,
  "cx" : -0.85119045,
  "height" : 0
}