{
  "fy" : -0.70238096,
  "t_12" : -0.6737033,
  "t_02" : 0.6954786,
  "fx" : -0.70238096,
  "t_03" : 0,
  "t_01" : -0.65364224,
  "t_23" : 0,
  "t_21" : -0.16940689,
  "t_22" : 0.24986663,
  "cy" : -0.85119045,
  "blur_score" : 64.09548,
  "width" : 0,
  "cx" : -0.85119045,
  "t_00" : -0.29843152,
  "t_11" : -0.7375996,
  "height" : 0,
  "t_10" : 0.04550451,
  "t_20" : 0.9533457,
  "gravity" : {
    "x" : 0.04550451785326004,
    "y" : -0.7375996112823486,
    "z" : -0.6737033128738403
  },
  "t_13" : 0
}