{
  "t_01" : 0.80994916,
  "width" : 0,
  "gravity" : {
    "x" : 0.5229822397232056,
    "y" : -0.4956880211830139,
    "z" : -0.6933851838111877
  },
  "t_11" : -0.49568805,
  "cy" : -0.85119045,
  "t_00" : 0.56653976,
  "height" : 0,
  "cx" : -0.85119045,
  "fy" : -0.70238096,
  "t_10" : 0.52298224,
  "t_20" : -0.63680637,
  "t_23" : 0,
  "t_13" : 0,
  "t_02" : -0.15170762,
  "fx" : -0.70238096,
  "t_22" : -0.704416,
  "blur_score" : 28.194405,
  "t_03" : 0,
  "t_21" : 0.31348985,
  "t_12" : -0.6933852
}