{
  "height" : 0,
  "t_11" : -0.7449745,
  "t_12" : -0.66374505,
  "t_10" : 0.066750735,
  "t_02" : 0.74667203,
  "t_23" : 0,
  "cx" : -0.85119045,
  "t_03" : 0,
  "gravity" : {
    "z" : -0.6637450456619263,
    "y" : -0.7449744939804077,
    "x" : 0.06675074249505997
  },
  "width" : 0,
  "t_20" : 0.99776965,
  "t_22" : 0.043858707,
  "t_21" : 0.050324872,
  "cy" : -0.85119045,
  "fy" : -0.70238096,
  "t_00" : 0.0007292479,
  "t_01" : -0.6651923,
  "blur_score" : 112.50747,
  "t_13" : 0,
  "fx" : -0.70238096
}