{
  "fx" : -0.70238096,
  "t_11" : -0.7018647,
  "t_03" : 0,
  "t_22" : -0.6924844,
  "t_02" : 0.11796051,
  "t_10" : 0.028900534,
  "t_20" : 0.13891695,
  "cx" : -0.85119045,
  "t_12" : -0.7117238,
  "t_01" : -0.07885733,
  "t_21" : 0.7079319,
  "blur_score" : 183.25584,
  "t_00" : 0.98988223,
  "width" : 0,
  "gravity" : {
    "y" : -0.7018647193908691,
    "z" : -0.7117237448692322,
    "x" : 0.02890053018927574
  },
  "height" : 0,
  "t_23" : 0,
  "cy" : -0.85119045,
  "fy" : -0.70238096,
  "t_13" : 0
}