{
  "gravity" : {
    "x" : 0.027333715930581093,
    "z" : -0.7246683835983276,
    "y" : -0.6885554790496826
  },
  "cx" : -0.85119045,
  "fx" : -0.70238096,
  "t_11" : -0.6885555,
  "t_13" : 0,
  "t_10" : 0.027333722,
  "t_20" : 0.26420748,
  "blur_score" : 160.14796,
  "t_12" : -0.7246684,
  "t_21" : 0.70413584,
  "t_00" : 0.9640785,
  "width" : 0,
  "fy" : -0.70238096,
  "height" : 0,
  "t_22" : -0.6590805,
  "t_23" : 0,
  "cy" : -0.85119045,
  "t_03" : 0,
  "t_01" : -0.17344768,
  "t_02" : 0.20116813
}