{
  "t_21" : 0.7006011,
  "t_12" : -0.7070903,
  "t_13" : 0,
  "gravity" : {
    "x" : 0.015376954339444637,
    "y" : -0.7069560885429382,
    "z" : -0.7070903182029724
  },
  "fy" : -0.70238096,
  "t_00" : 0.99245805,
  "t_20" : -0.12161633,
  "t_03" : 0,
  "cx" : -0.85119045,
  "height" : 0,
  "cy" : -0.85119045,
  "blur_score" : 201.12675,
  "width" : 0,
  "t_22" : -0.70311284,
  "fx" : -0.70238096,
  "t_23" : 0,
  "t_11" : -0.706956,
  "t_02" : -0.07520428,
  "t_01" : 0.09680547,
  "t_10" : 0.015376953
}