{
  "height" : 0,
  "t_12" : -0.8102992,
  "t_11" : -0.5856812,
  "t_10" : 0.019817904,
  "t_02" : -0.24967416,
  "t_23" : 0,
  "cx" : -0.85119045,
  "t_03" : 0,
  "gravity" : {
    "z" : -0.8102992177009583,
    "x" : 0.019817903637886047,
    "y" : -0.5856812000274658
  },
  "width" : 0,
  "t_20" : -0.40101835,
  "t_22" : 0.53016794,
  "t_21" : -0.7470654,
  "t_00" : -0.91585594,
  "cy" : -0.85119045,
  "fy" : -0.70238096,
  "t_01" : 0.31443807,
  "blur_score" : 277.01093,
  "t_13" : 0,
  "fx" : -0.70238096
}