{
  "cx" : -0.85119045,
  "t_13" : 0,
  "t_03" : 0,
  "blur_score" : 144.37717,
  "t_11" : -0.76483405,
  "fx" : -0.70238096,
  "t_01" : 0.41136944,
  "t_23" : 0,
  "t_20" : -0.6932025,
  "gravity" : {
    "y" : -0.7648340463638306,
    "x" : -0.06319066882133484,
    "z" : -0.6411206722259521
  },
  "t_21" : 0.49578625,
  "t_02" : -0.56151396,
  "t_10" : -0.063190654,
  "t_12" : -0.6411207,
  "cy" : -0.85119045,
  "t_22" : -0.52313125,
  "height" : 0,
  "width" : 0,
  "t_00" : 0.71796745,
  "fy" : -0.70238096
}