{
  "t_12" : -0.679013,
  "t_01" : 0.41513145,
  "cy" : -0.85119045,
  "gravity" : {
    "x" : -0.05256675183773041,
    "y" : -0.7322418689727783,
    "z" : -0.6790130138397217
  },
  "t_11" : -0.73224187,
  "t_02" : -0.50619566,
  "t_13" : 0,
  "fy" : -0.70238096,
  "t_03" : 0,
  "t_00" : 0.75593114,
  "t_21" : 0.53989613,
  "fx" : -0.70238096,
  "t_22" : -0.5317023,
  "t_23" : 0,
  "blur_score" : 28.593454,
  "width" : 0,
  "t_20" : -0.6525372,
  "t_10" : -0.052566737,
  "cx" : -0.85119045,
  "height" : 0
}