{
  "t_02" : 0.5280502,
  "fy" : -0.70238096,
  "t_12" : -0.74042124,
  "fx" : -0.70238096,
  "t_01" : -0.5424549,
  "t_03" : 0,
  "t_23" : 0,
  "t_21" : -0.50565064,
  "t_22" : 0.41585985,
  "cy" : -0.85119045,
  "blur_score" : 62.860065,
  "width" : 0,
  "cx" : -0.85119045,
  "t_00" : -0.6533805,
  "t_11" : -0.67086554,
  "height" : 0,
  "t_10" : -0.04142365,
  "t_20" : 0.7558958,
  "gravity" : {
    "y" : -0.6708654761314392,
    "z" : -0.7404212355613708,
    "x" : -0.04142364487051964
  },
  "t_13" : 0
}