{
  "cx" : -0.85119045,
  "t_13" : 0,
  "t_03" : 0,
  "blur_score" : 190.10648,
  "t_11" : -0.77257985,
  "fx" : -0.70238096,
  "t_01" : 0.4241367,
  "t_23" : 0,
  "t_20" : -0.7059565,
  "gravity" : {
    "z" : -0.6334158182144165,
    "x" : -0.04364266246557236,
    "y" : -0.7725799083709717
  },
  "t_21" : 0.47247046,
  "t_02" : -0.56602776,
  "t_10" : -0.04364267,
  "t_12" : -0.6334158,
  "cy" : -0.85119045,
  "t_22" : -0.52763337,
  "height" : 0,
  "width" : 0,
  "t_00" : 0.70690924,
  "fy" : -0.70238096
}