{
  "height" : 0,
  "t_12" : -0.66205937,
  "t_11" : -0.7490509,
  "t_10" : 0.024498641,
  "t_02" : 0.7324417,
  "t_23" : 0,
  "cx" : -0.85119045,
  "t_03" : 0,
  "gravity" : {
    "y" : -0.7490509152412415,
    "x" : 0.024498607963323593,
    "z" : -0.6620593667030334
  },
  "width" : 0,
  "t_20" : 0.9813663,
  "t_22" : 0.15876585,
  "t_21" : -0.10823089,
  "cy" : -0.85119045,
  "t_00" : -0.19057904,
  "fy" : -0.70238096,
  "t_01" : -0.6536124,
  "blur_score" : 64.86991,
  "t_13" : 0,
  "fx" : -0.70238096
}