{
  "gravity" : {
    "x" : 0.047330647706985474,
    "y" : -0.6025859713554382,
    "z" : -0.7966492772102356
  },
  "cx" : -0.85119045,
  "fx" : -0.70238096,
  "t_11" : -0.602586,
  "t_10" : 0.047330648,
  "t_13" : 0,
  "t_20" : -0.6792514,
  "blur_score" : 109.23709,
  "t_12" : -0.7966493,
  "t_21" : -0.604175,
  "t_00" : -0.7323783,
  "width" : 0,
  "fy" : -0.70238096,
  "height" : 0,
  "t_22" : 0.41664225,
  "t_23" : 0,
  "cy" : -0.85119045,
  "t_03" : 0,
  "t_01" : 0.52140516,
  "t_02" : -0.43790323
}