{
  "gravity" : {
    "y" : -0.6803730130195618,
    "z" : -0.7317601442337036,
    "x" : 0.040244925767183304
  },
  "cx" : -0.85119045,
  "t_13" : 0,
  "t_11" : -0.680373,
  "t_10" : 0.040244937,
  "fx" : -0.70238096,
  "t_20" : 0.60392773,
  "blur_score" : 129.21022,
  "t_12" : -0.73176014,
  "t_21" : 0.60000575,
  "t_00" : 0.7960224,
  "width" : 0,
  "fy" : -0.70238096,
  "height" : 0,
  "t_22" : -0.5246565,
  "t_23" : 0,
  "cy" : -0.85119045,
  "t_03" : 0,
  "t_01" : -0.42081547,
  "t_02" : 0.43504333
}