{
  "gravity" : {
    "z" : -0.7241829037666321,
    "x" : 0.013533570803701878,
    "y" : -0.6894751191139221
  },
  "cx" : -0.85119045,
  "fx" : -0.70238096,
  "t_11" : -0.6894751,
  "t_10" : 0.013533562,
  "t_13" : 0,
  "t_20" : 0.43621537,
  "blur_score" : 159.84622,
  "t_12" : -0.7241829,
  "t_21" : 0.6557672,
  "t_00" : 0.8997405,
  "width" : 0,
  "fy" : -0.70238096,
  "height" : 0,
  "t_22" : -0.6161863,
  "t_23" : 0,
  "cy" : -0.85119045,
  "t_03" : 0,
  "t_01" : -0.30756053,
  "t_02" : 0.30963454
}