{
  "gravity" : {
    "z" : -0.8240563273429871,
    "x" : 0.07574264705181122,
    "y" : -0.5614216923713684
  },
  "cx" : -0.85119045,
  "t_13" : 0,
  "t_11" : -0.5614217,
  "t_10" : 0.07574265,
  "fx" : -0.70238096,
  "t_20" : -0.5427462,
  "blur_score" : 104.34361,
  "t_12" : -0.8240563,
  "t_21" : -0.71649235,
  "t_00" : -0.8364748,
  "width" : 0,
  "fy" : -0.70238096,
  "height" : 0,
  "t_22" : 0.43825305,
  "t_23" : 0,
  "cy" : -0.85119045,
  "t_03" : 0,
  "t_01" : 0.41405895,
  "t_02" : -0.35897845
}