{
  "height" : 0,
  "t_12" : -0.7986783,
  "t_11" : -0.6017482,
  "t_10" : -0.0034730732,
  "t_02" : 0.29905358,
  "t_23" : 0,
  "cx" : -0.85119045,
  "t_03" : 0,
  "gravity" : {
    "y" : -0.6017482876777649,
    "x" : -0.0034730657935142517,
    "z" : -0.7986783385276794
  },
  "width" : 0,
  "t_20" : 0.492958,
  "t_22" : 0.5221877,
  "t_21" : -0.6959261,
  "cy" : -0.85119045,
  "t_00" : -0.8700466,
  "fy" : -0.70238096,
  "t_01" : -0.3919013,
  "blur_score" : 121.43281,
  "t_13" : 0,
  "fx" : -0.70238096
}